"","Gene","p.value","q.value"
"ENPP4","ENPP4",9.91247006657194e-09,0.000170147548692707
"TFPI","TFPI",4.68290331099811e-07,0.00803820353332825
"VPS50","VPS50",1.35518657329244e-09,2.32617775305648e-05
"CCDC109B","CCDC109B",1.304306827974e-12,2.23884267021738e-08
"FBXL3","FBXL3",1.00812233018612e-07,0.00173044197976447
"MGST1","MGST1",1.98057942812805e-13,3.39966458838179e-09
"VTA1","VTA1",1.80483947429801e-06,0.0309800695763254
"ANLN","ANLN",1.76980454208284e-07,0.00303786949648519
"MBTPS2","MBTPS2",8.02421035953993e-12,1.37735570821503e-07
"ELOVL5","ELOVL5",5.59606056963185e-35,9.60563796777308e-31
"CLK1","CLK1",4.57950784205207e-11,7.86072521088238e-07
"RNF14","RNF14",1.01588287437216e-09,1.74376295385982e-05
"VSIG2","VSIG2",4.8845895373827e-07,0.00838439794091741
"CYP24A1","CYP24A1",4.28706500690481e-09,7.35874708435211e-05
"SNAI2","SNAI2",3.3305343520183e-13,5.71686221523941e-09
"SAMD4A","SAMD4A",4.96542543636709e-08,0.000852315276152411
"BIRC3","BIRC3",1.75709888186533e-10,3.01606023072184e-06
"ABCC2","ABCC2",6.25024419282799e-12,1.07285441569892e-07
"DEPDC1","DEPDC1",4.87842761363987e-26,8.37382099881284e-22
"HSF2","HSF2",1.72299877451225e-08,0.000295752739645028
"VIM","VIM",4.06565988867666e-24,6.97870519891349e-20
"FAS","FAS",6.55459435988193e-13,1.12509612187373e-08
"CD44","CD44",1.43747779111641e-17,2.46743062845132e-13
"CENPQ","CENPQ",4.12941824131146e-12,7.08814641121112e-08
"DEPDC1B","DEPDC1B",3.64247645471861e-09,6.25231083452449e-05
"MFAP3","MFAP3",4.91511189754592e-07,0.00843678957213758
"AGA","AGA",4.10066491826856e-07,0.00703879133220798
"VCAN","VCAN",5.0155631396253e-07,0.00860921412916683
"SPDL1","SPDL1",2.52872272628162e-06,0.0434055255966241
"RAB27B","RAB27B",3.95705456023617e-07,0.00679228415264539
"FAM214A","FAM214A",2.45995239201917e-08,0.000422250828090091
"ARAP2","ARAP2",1.72405925340681e-10,2.95934770847278e-06
"RRM2B","RRM2B",4.64811422028609e-13,7.97848805912108e-09
"KITLG","KITLG",2.26056161985703e-11,3.88025402048458e-07
"ERCC8","ERCC8",3.67009091117343e-12,6.29971104902919e-08
"RCN1","RCN1",2.00176029071824e-11,3.43602153901786e-07
"JKAMP","JKAMP",8.23500114423099e-10,1.41353794640725e-05
"NFE2L3","NFE2L3",3.77710726096767e-07,0.00648340461345101
"MPHOSPH9","MPHOSPH9",4.65083012580614e-10,7.98314991094624e-06
"MCF2L2","MCF2L2",2.81185789614051e-06,0.0482655407872519
"AP5M1","AP5M1",1.87652334515503e-13,3.22105232195861e-09
"ANAPC4","ANAPC4",6.90363005994294e-15,1.18500809978921e-10
"MCOLN3","MCOLN3",2.10537490910922e-08,0.000361387603148598
"DCBLD2","DCBLD2",3.03125463024412e-16,5.20314857281402e-12
"SOAT1","SOAT1",6.15983226047213e-17,1.05733520751004e-12
"RIOK2","RIOK2",1.18983371355786e-14,2.04234956932206e-10
"BCAT1","BCAT1",1.30989900392663e-09,2.24844164024006e-05
"MON2","MON2",3.95641959206875e-08,0.000679119422978602
"DDX20","DDX20",2.48949892613612e-08,0.000427322490671266
"BTBD1","BTBD1",6.18214779623465e-07,0.0106116566922368
"CYB5R4","CYB5R4",5.99426005397597e-12,1.02891473826498e-07
"ME1","ME1",8.29645467474591e-10,1.42408644492014e-05
"ASPM","ASPM",9.82990449754155e-14,1.68730310700301e-09
"CLDN18","CLDN18",2.6129717927463e-09,4.48516608224903e-05
"LRRC40","LRRC40",4.89298393763359e-09,8.39880692894805e-05
"DDX3Y","DDX3Y",3.15050303453352e-30,5.40783845877679e-26
"ZFY","ZFY",1.30109498418855e-11,2.23332954035965e-07
"PDK3","PDK3",3.21673017088798e-08,0.000552151733832921
"RORA","RORA",1.6566813100969e-07,0.00284369346878133
"PFN2","PFN2",5.73907993111377e-21,9.85113070175679e-17
"EXOC5","EXOC5",2.47696930074804e-06,0.0425171780473401
"ASNS","ASNS",7.36127419929656e-09,0.000126356271630925
"MGAT4A","MGAT4A",9.7224844897658e-07,0.016688644626683
"ING3","ING3",5.01025409456391e-08,0.000860010115331894
"CYBRD1","CYBRD1",2.02799235757714e-07,0.00348104888178117
"UBE2D1","UBE2D1",1.31629561163804e-06,0.0225942141737669
"MPP5","MPP5",8.21453378910298e-08,0.00141002472489953
"HMMR","HMMR",3.0660859463539e-18,5.26293652691646e-14
"PPP2R3A","PPP2R3A",2.74648498663811e-09,4.71434147956432e-05
"FERMT2","FERMT2",3.53234508730454e-13,6.06327034235824e-09
"DHRS9","DHRS9",4.39658684804906e-09,7.54674132467622e-05
"PTGS2","PTGS2",1.92046353809129e-09,3.29647566313369e-05
"NTN4","NTN4",8.48194685263543e-12,1.45592617725487e-07
"ACTR6","ACTR6",1.54012660843659e-07,0.0026436273233814
"TIPIN","TIPIN",1.01279938441794e-09,1.7384701433534e-05
"SEMA3A","SEMA3A",1.66881330932299e-14,2.86451804545291e-10
"SLC25A40","SLC25A40",3.04232894817067e-08,0.000522215763953496
"MBNL3","MBNL3",5.2117858396587e-09,8.94603039377416e-05
"NEBL","NEBL",4.94851790387147e-09,8.49413098199538e-05
"N4BP2","N4BP2",1.85757338815319e-07,0.00318852472076496
"TIGAR","TIGAR",7.69635599277046e-09,0.000132107950615905
"CDH17","CDH17",8.37781212235584e-33,1.43805145080238e-28
"CLDND1","CLDND1",2.67984108193689e-07,0.00459994721714467
"NDC80","NDC80",2.59217122775464e-14,4.44946191244083e-10
"OSTM1","OSTM1",3.47549917731377e-14,5.96569433785909e-10
"C5orf22","C5orf22",4.61020533263955e-09,7.91341745347579e-05
"CCNT2","CCNT2",3.40095207669779e-08,0.000583773423965176
"FAM135A","FAM135A",5.9149528709796e-07,0.0101530166030365
"PIBF1","PIBF1",2.26306834952791e-08,0.000388455682196466
"OXCT1","OXCT1",1.94933255983597e-06,0.0334602933895845
"RRAGB","RRAGB",2.15295497687441e-06,0.0369554721780492
"CYLD","CYLD",2.48873433629666e-11,4.27191248825322e-07
"SCAMP1","SCAMP1",1.3765250653447e-08,0.000236280527466417
"WDR47","WDR47",1.6985345010691e-07,0.0029155344710851
"DDHD2","DDHD2",2.01690656604956e-08,0.000346202012062407
"IPO11","IPO11",2.87574418950779e-10,4.93621490129012e-06
"SNX10","SNX10",7.83247715027675e-13,1.344444702845e-08
"CEACAM6","CEACAM6",1.38392728202714e-36,2.37551117959958e-32
"AURKA","AURKA",5.83355061899569e-07,0.0100132896375061
"ALG6","ALG6",2.85052838000729e-10,4.89293196428252e-06
"TGDS","TGDS",3.5949825781349e-13,6.17078759536855e-09
"OAS1","OAS1",1.48524247636941e-06,0.025494187106881
"FXYD3","FXYD3",1.58818955442134e-11,2.72612737016422e-07
"LYZ","LYZ",2.59196207062748e-15,4.44910289423207e-11
"ZNF268","ZNF268",3.81223902731514e-14,6.54370829038644e-10
"NRCAM","NRCAM",5.12058962326138e-19,8.78949208832816e-15
"PPP2R3C","PPP2R3C",4.57755468129297e-07,0.00785737261043937
"G2E3","G2E3",4.44075995797483e-14,7.62256446786379e-10
"TGFB2","TGFB2",1.02144575979449e-06,0.0175331164668724
"UPRT","UPRT",1.45286476331412e-06,0.0249384236622868
"IKZF5","IKZF5",3.61513168135306e-08,0.000620537353104253
"EFHC1","EFHC1",7.33983849924715e-09,0.000125988327839577
"ZNF184","ZNF184",2.32766672123253e-06,0.0399543992699564
"CDC7","CDC7",1.48968265767351e-10,2.55704028189659e-06
"ERMP1","ERMP1",2.24315360340824e-07,0.00385037316025024
"RAB18","RAB18",1.32506067792736e-07,0.00227446665366231
"POLE2","POLE2",1.39620760194669e-07,0.00239659034874149
"VCPKMT","VCPKMT",5.13492381162354e-07,0.0088140967226518
"SOS2","SOS2",2.59392355410507e-10,4.45246978062135e-06
"NIN","NIN",3.65490576066915e-07,0.00627364573818859
"PYGL","PYGL",7.50114342909507e-07,0.0128757126960417
"DDHD1","DDHD1",1.2608829415526e-06,0.0216430556917504
"CDKN3","CDKN3",1.56528226919346e-07,0.00268680701507058
"CGRRF1","CGRRF1",2.34970776473247e-13,4.03327337816328e-09
"PIGH","PIGH",1.20020326393522e-07,0.00206014890254481
"KIAA0586","KIAA0586",1.22326374386371e-06,0.0209973221634205
"GSKIP","GSKIP",1.29514436657817e-06,0.0222311530523143
"VRK1","VRK1",1.78199882037497e-06,0.0305880097517364
"BRMS1L","BRMS1L",8.6334393689482e-17,1.48192986767996e-12
"GINS1","GINS1",5.10146371864039e-07,0.00875666247304623
"FAM83D","FAM83D",7.18313868290841e-10,1.23298575492123e-05
"NXT2","NXT2",2.16968658262895e-20,3.72426701908259e-16
"MOSPD1","MOSPD1",8.39965869856228e-08,0.00144180141560822
"ATP11C","ATP11C",2.41830567190481e-18,4.15102168582461e-14
"ARMCX3","ARMCX3",1.99581018164225e-07,0.00342580817678893
"DGKH","DGKH",1.37156336407e-10,2.35428851442616e-06
"CLN5","CLN5",8.60828715340779e-09,0.000147761248988245
"HSDL1","HSDL1",7.24545254308714e-07,0.0124368192902091
"CCP110","CCP110",1.38510013105848e-14,2.37752437496188e-10
"CEMIP","CEMIP",3.05483467165001e-07,0.00524362371388724
"DMXL2","DMXL2",5.56153564681356e-13,9.54637593775548e-09
"CA2","CA2",5.23794544980741e-10,8.99093336459442e-06
"RIPK2","RIPK2",6.03100683676686e-09,0.000103522232353103
"GDAP1","GDAP1",4.60925563049143e-07,0.00791178728973855
"ESRP1","ESRP1",6.59247421767824e-07,0.0113159819946447
"ERI1","ERI1",1.26612166824737e-07,0.0021732978435466
"MTMR9","MTMR9",5.04679737623256e-09,8.6628276963032e-05
"UBXN8","UBXN8",5.93613150623822e-11,1.01893697304579e-06
"TUSC3","TUSC3",4.19685110501663e-10,7.20389492176105e-06
"CEACAM5","CEACAM5",1.1153857360022e-06,0.0191455961584778
"ZNF14","ZNF14",4.27244341557074e-09,7.33364912282717e-05
"ZNF85","ZNF85",5.22259720452274e-13,8.96458810156329e-09
"TTC26","TTC26",1.27615325746974e-06,0.021905170664468
"CAV1","CAV1",3.73780723196309e-14,6.41594611366465e-10
"MET","MET",1.04068628625063e-11,1.7863380103492e-07
"CYP3A5","CYP3A5",1.21531154944313e-06,0.0208608227461913
"SERPINE1","SERPINE1",9.54944219090624e-08,0.00163916175206906
"AGR2","AGR2",1.87665881146769e-53,3.22128484988429e-49
"FSD1L","FSD1L",5.32417325496336e-07,0.0091389433921446
"NMRK1","NMRK1",1.25806939311354e-09,2.1594761132794e-05
"MEGF9","MEGF9",9.84128614228906e-07,0.0168925676632392
"TGFBR1","TGFBR1",1.57121217615233e-06,0.0269698570036548
"DDX58","DDX58",3.23274879057894e-07,0.00554901329902875
"PIP5K1B","PIP5K1B",3.90727106036954e-13,6.70683077512432e-09
"PHYH","PHYH",1.0258000662659e-07,0.00176078581374542
"CCSER2","CCSER2",1.92148480135035e-07,0.00329822866151788
"LIPA","LIPA",2.74934204211849e-08,0.000471924561529639
"DKK1","DKK1",2.87073146060134e-21,4.9276105521222e-17
"TBC1D12","TBC1D12",4.53672737866175e-08,0.000778729254547289
"ALDH3A1","ALDH3A1",1.05607339767292e-21,1.81274998710556e-17
"PMP22","PMP22",3.79699213913553e-07,0.00651753700682614
"ANXA10","ANXA10",1.99198651706671e-16,3.41924485654501e-12
"TRIM2","TRIM2",3.83819648003148e-15,6.58826425797404e-11
"NEIL3","NEIL3",6.52054549266527e-09,0.000111925163381599
"NCAPG","NCAPG",2.36078184489115e-13,4.05228203675566e-09
"PPARGC1A","PPARGC1A",1.11838326743976e-08,0.000191970487856034
"SC5D","SC5D",7.28026775942468e-15,1.24965796090525e-10
"HIPK3","HIPK3",8.60264960312468e-11,1.47664480437635e-06
"EXPH5","EXPH5",1.21419041269638e-08,0.000208415784339334
"RAD51AP1","RAD51AP1",5.22570318481885e-07,0.00896991951674155
"SLC38A1","SLC38A1",8.17312524569275e-14,1.40291694842316e-09
"UHRF1BP1L","UHRF1BP1L",1.23863998295003e-07,0.00212612553073372
"CHPT1","CHPT1",9.02355551026296e-08,0.00154889330333664
"C2CD5","C2CD5",4.99493261844884e-09,8.57380183956743e-05
"TDP2","TDP2",1.26053632785925e-06,0.0216371060677041
"FRK","FRK",1.06629884761899e-08,0.0001830301971938
"MAN1A1","MAN1A1",3.53908745265327e-07,0.00607484361247934
"FBXO5","FBXO5",1.46851060424104e-13,2.52069845217974e-09
"CAP2","CAP2",4.39383444554185e-16,7.54201682577259e-12
"BAG2","BAG2",7.00081639322141e-11,1.20169013389645e-06
"RAB23","RAB23",4.74693247704811e-07,0.00814810959685308
"AIM1","AIM1",1.30520644580189e-07,0.00224038686421895
"B3GAT2","B3GAT2",2.02270251826912e-13,3.47196887260895e-09
"FIG4","FIG4",2.35980260605559e-07,0.00405060117329442
"HECA","HECA",3.64682434825166e-07,0.00625977399377398
"ADGRG6","ADGRG6",2.69721374495561e-11,4.62976739321631e-07
"TTK","TTK",1.38091844721158e-25,2.37034651463867e-21
"NNT","NNT",4.48421457947077e-10,7.69715432566157e-06
"LOX","LOX",1.21827436710137e-17,2.0911679511295e-13
"SPARC","SPARC",7.92380292703136e-27,1.36012077242493e-22
"CLK4","CLK4",3.82092731420435e-10,6.55862173483176e-06
"CCNG1","CCNG1",7.6263882962654e-23,1.30906955105396e-18
"ARRDC3","ARRDC3",1.64390020892003e-06,0.0282175470861123
"NR3C1","NR3C1",3.47839158177862e-08,0.000597065915012301
"LIFR","LIFR",1.14676562916888e-08,0.000196842320246838
"TRIM23","TRIM23",9.09235358345801e-07,0.0156070249260057
"TRAPPC13","TRAPPC13",9.49295211641674e-08,0.00162946523078293
"TTC33","TTC33",1.06675605201365e-06,0.0183108676328143
"HGD","HGD",2.40899646848891e-20,4.13504243816122e-16
"ARL6","ARL6",7.29967517160553e-09,0.000125298924320609
"CEP70","CEP70",4.59371630028874e-18,7.88511402944563e-14
"KAT2B","KAT2B",1.12986791778147e-07,0.00193941828087189
"USP9Y","USP9Y",2.27528252673034e-09,3.90552245713262e-05
"C3orf14","C3orf14",5.0197100992478e-07,0.00861633238535886
"BBX","BBX",4.09704006487679e-07,0.00703256927136101
"IFT57","IFT57",2.83362783374359e-06,0.0486392217662087
"GNB4","GNB4",1.94744542593014e-14,3.34279007360909e-10
"WDR48","WDR48",4.78980278559603e-07,0.00822169648147559
"KLHL24","KLHL24",1.77902768528211e-07,0.00305370102178674
"SLC35F5","SLC35F5",1.13903764930757e-06,0.0195515812503644
"GCA","GCA",1.10711838440426e-07,0.00190036870682992
"CLIP4","CLIP4",2.87734995386102e-06,0.0493897119580244
"CCDC88A","CCDC88A",9.84997211722027e-10,1.69074771392086e-05
"LANCL1","LANCL1",1.19477364156385e-09,2.05082895574435e-05
"EFEMP1","EFEMP1",2.78248033285993e-26,4.77612749135406e-22
"FN1","FN1",3.28772389192234e-07,0.0056433780604847
"PAPOLG","PAPOLG",5.37543941680681e-10,9.22694175894889e-06
"PRKD3","PRKD3",8.11041326840282e-10,1.39215243752134e-05
"RMDN2","RMDN2",4.33981084585372e-10,7.44928531690791e-06
"KYNU","KYNU",1.87850043127819e-09,3.22444599028902e-05
"ORC4","ORC4",1.71927899968835e-08,0.000295114240296505
"RALGPS2","RALGPS2",4.1842399053401e-07,0.00718224779751628
"DOCK7","DOCK7",7.91802058183452e-08,0.00135912823287189
"SWT1","SWT1",5.92190049512673e-08,0.0010164942199885
"LEPR","LEPR",6.06911951454267e-08,0.00104176436467125
"PLA2G4A","PLA2G4A",4.19999604004913e-12,7.20929320274434e-08
"RGS2","RGS2",2.01435363924751e-09,3.45763802176836e-05
"CTBS","CTBS",7.70922000828619e-08,0.00132328761442232
"KLHL12","KLHL12",9.52625084800314e-08,0.00163518095805974
"SSX2IP","SSX2IP",2.45652655878794e-08,0.00042166278381595
"GBP3","GBP3",9.63728564905047e-07,0.0165424008165951
"SLC19A2","SLC19A2",7.10424758971811e-10,1.21944409877511e-05
"CNN3","CNN3",8.05297668946425e-26,1.38229344874654e-21
"F3","F3",7.82715805009311e-09,0.000134353167929848
"NEK2","NEK2",2.70445969295963e-16,4.64220506296521e-12
"KIF14","KIF14",2.00091592255646e-14,3.43457218106816e-10
"FASTKD2","FASTKD2",4.0204487535308e-13,6.90110028543561e-09
"RAB32","RAB32",4.05242788954599e-12,6.95599247240569e-08
"CTGF","CTGF",1.66740164308166e-13,2.86209492034966e-09
"ZNF430","ZNF430",3.39892264928126e-10,5.83425072749128e-06
"ABCG2","ABCG2",3.24799939205505e-09,5.57519095646249e-05
"GDA","GDA",1.00671821732294e-07,0.00172803182003482
"CPSF3","CPSF3",2.85408620144907e-09,4.89903896478732e-05
"FAM206A","FAM206A",6.76609622996211e-12,1.161400417873e-07
"CNRIP1","CNRIP1",2.09126138370648e-11,3.58965016513218e-07
"EPCAM","EPCAM",1.88636108726732e-08,0.000323793880629436
"GPAM","GPAM",4.18229496320716e-07,0.00717890930434509
"PPP1R3C","PPP1R3C",3.78158599057798e-12,6.4910923528271e-08
"GNA13","GNA13",3.54083780814607e-09,6.07784809768274e-05
"CD274","CD274",2.79913364768795e-06,0.0480471290625636
"MASTL","MASTL",1.38009714383362e-08,0.00023689367473904
"NR2C1","NR2C1",1.78924067300099e-06,0.030712316152062
"MTERF2","MTERF2",2.41339383000442e-10,4.14259050920258e-06
"SOCS2","SOCS2",4.14970364743442e-08,0.000712296631082119
"NFYB","NFYB",1.42020458792988e-12,2.43778117518163e-08
"RDH10","RDH10",4.33975939250556e-09,7.4491969972358e-05
"PLBD1","PLBD1",4.09702604056334e-13,7.03254519862698e-09
"KIF18A","KIF18A",2.87547931552941e-11,4.93576024510624e-07
"DEPDC7","DEPDC7",2.9075772324426e-16,4.99085631948772e-12
"TBC1D15","TBC1D15",1.23170918432847e-08,0.000211422881489981
"POLK","POLK",2.73039108825202e-09,4.68671630298459e-05
"FAM126A","FAM126A",7.56705880832468e-11,1.29888564444893e-06
"TRIM24","TRIM24",1.86291957064831e-06,0.0319770144301782
"CALD1","CALD1",3.99598347695259e-12,6.85910563818911e-08
"NUDT10","NUDT10",1.28935291447419e-08,0.000221317427769495
"PLAU","PLAU",7.85579726101487e-16,1.3484475998532e-11
"SRGN","SRGN",4.60593589262917e-15,7.90608895969798e-11
"BICC1","BICC1",6.2882709467307e-10,1.07938170800633e-05
"P4HA1","P4HA1",7.10439853802434e-10,1.21947000905188e-05
"ZWINT","ZWINT",3.14252149237895e-08,0.000539413814166847
"IFT81","IFT81",1.02655207639948e-09,1.76207663913971e-05
"CDKN2C","CDKN2C",2.8090301986907e-07,0.00482170033605258
"NECAB1","NECAB1",2.28535119854459e-07,0.00392280533230178
"CENPK","CENPK",8.26816882008587e-12,1.41923117796774e-07
"STIL","STIL",1.11112180333916e-09,1.90724057543167e-05
"TTC21B","TTC21B",6.59796301783636e-08,0.00113254035201161
"NMI","NMI",1.25381364883426e-06,0.02152171128224
"VAMP7","VAMP7",1.35920014139408e-09,2.33306704270294e-05
"POF1B","POF1B",1.58082481266196e-29,2.71348579093426e-25
"MRS2","MRS2",7.48925888965152e-07,0.0128553128840868
"EREG","EREG",6.7491450505546e-16,1.1584907479277e-11
"RAP2A","RAP2A",3.0702788036655e-08,0.000527013356649183
"INSIG2","INSIG2",3.49249433836498e-12,5.99486653180349e-08
"ATG4C","ATG4C",9.24653815370531e-14,1.58716827408352e-09
"ZNF436","ZNF436",3.7865915858712e-09,6.49968445714791e-05
"AMOT","AMOT",2.68290466958294e-06,0.0460520586533912
"DLGAP5","DLGAP5",9.83870972075056e-22,1.68881452356683e-17
"ZBTB1","ZBTB1",1.70559685606496e-06,0.0292765700343551
"SGPP1","SGPP1",2.12350514807002e-11,3.6449965866622e-07
"RHOT1","RHOT1",9.86511430737539e-07,0.0169334687086099
"ZNF484","ZNF484",3.67257108861779e-08,0.000630396827361244
"TSPAN8","TSPAN8",1.36364418877617e-22,2.3406952500343e-18
"DYRK2","DYRK2",3.14126342894675e-08,0.00053919786757871
"TNFRSF19","TNFRSF19",8.54495692385449e-07,0.0146674185597962
"GNG11","GNG11",1.19172664784975e-07,0.00204559879103409
"GNAI1","GNAI1",1.23708164594273e-18,2.12345064526069e-14
"MTERF1","MTERF1",4.54510576551897e-07,0.00780167404651332
"SGCE","SGCE",2.27167907765576e-07,0.0038993371367961
"POT1","POT1",2.41959077264164e-14,4.15322756123938e-10
"DNAJB9","DNAJB9",7.98833632875047e-11,1.37119793083002e-06
"MYO1B","MYO1B",3.55905720638486e-09,6.10912169475961e-05
"THAP10","THAP10",8.52610602464455e-10,1.46350609913024e-05
"CCNT1","CCNT1",1.72187056218589e-06,0.0295559081999208
"PUS7L","PUS7L",7.33391933846345e-23,1.25886725444725e-18
"RPS4Y1","RPS4Y1",3.53639349497687e-19,6.0702194341278e-15
"PUDP","PUDP",3.30736005824995e-08,0.000567708353998603
"MOSPD2","MOSPD2",5.61117573915771e-10,9.63158315626422e-06
"QRSL1","QRSL1",2.12899843585399e-06,0.0365442581514338
"ZNF426","ZNF426",4.48556682254527e-07,0.00769947545089896
"PRRG1","PRRG1",5.83048526919347e-08,0.00100080279645706
"TXLNGY","TXLNGY",9.2300726525613e-12,1.58434197081215e-07
"AKAP12","AKAP12",8.67095339831864e-11,1.48836915082139e-06
"SH3BGRL","SH3BGRL",6.64441177742851e-17,1.1405132815956e-12
"KIF3A","KIF3A",1.06890991345454e-06,0.0183478386644471
"MAP1B","MAP1B",1.94709745884671e-12,3.34219278811038e-08
"TOP2A","TOP2A",8.65918202265358e-11,1.48634859418849e-06
"GCH1","GCH1",8.43122705541483e-08,0.00144722012406196
"TRIM5","TRIM5",2.08410386274184e-07,0.00357736428039637
"FIGNL1","FIGNL1",1.17495099782074e-06,0.020168033877593
"DCTN4","DCTN4",1.32226796706048e-07,0.00226967296545931
"ZMYM5","ZMYM5",4.45927979164455e-08,0.000765435376235787
"USPL1","USPL1",1.63206382124208e-08,0.000280143754916203
"MYH10","MYH10",6.93301666998052e-19,1.19005231140216e-14
"COG6","COG6",1.39604967125515e-06,0.0239631926070946
"SPG20","SPG20",8.48516687314282e-08,0.00145647889377496
"RNF128","RNF128",1.23180092338877e-11,2.11438628499683e-07
"TMEM254","TMEM254",4.59222452535183e-07,0.00788255339776641
"LRRCC1","LRRCC1",1.04405428196976e-10,1.7921191750011e-06
"TEX15","TEX15",1.0068949698736e-07,0.00172833521578803
"CCNB1","CCNB1",2.36335637873929e-09,4.05670122410599e-05
"REG4","REG4",1.19348562784283e-21,2.04861808019222e-17
"HMGCS2","HMGCS2",8.06658416878616e-14,1.38462917257214e-09
"NOTCH2","NOTCH2",1.64622371720662e-07,0.00282574301058516
"SLC38A2","SLC38A2",2.16073684106019e-28,3.70890478767981e-24
"IL6ST","IL6ST",3.24429535408594e-08,0.000556883297528851
"STK26","STK26",1.91503054760908e-10,3.28714993497099e-06
"HOOK1","HOOK1",4.0539998309669e-07,0.00695869070985468
"TCN1","TCN1",2.64385689793166e-10,4.53818036529969e-06
"PNPLA8","PNPLA8",2.03969611958176e-15,3.50113838926209e-11
"ELF5","ELF5",1.32427481085544e-07,0.00227311771283337
"SERPINE2","SERPINE2",1.04207888247304e-11,1.78872840176497e-07
"SCYL2","SCYL2",7.78096899294145e-10,1.3356033276384e-05
"NEK3","NEK3",8.83790622826948e-07,0.0151702660408246
"TBC1D4","TBC1D4",1.91586942524502e-12,3.28858986843307e-08
"BORA","BORA",2.71584474269195e-12,4.66174750083074e-08
"RCBTB1","RCBTB1",1.63248400477844e-06,0.0280215879420219
"SCEL","SCEL",3.31714479612445e-20,5.69387904254761e-16
"RCBTB2","RCBTB2",1.71976698400775e-06,0.029519800280493
"BRIP1","BRIP1",1.86552317758385e-10,3.20217053432268e-06
"GALNT5","GALNT5",1.79506494017933e-09,3.08122896981782e-05
"RPS6KC1","RPS6KC1",2.21106651130872e-07,0.00379529566666142
"DSCC1","DSCC1",1.28653623051986e-11,2.20833943968735e-07
"RANBP6","RANBP6",3.73664013727862e-15,6.41394279563876e-11
"DENND4C","DENND4C",2.04680204922048e-07,0.00351333571748695
"FAM8A1","FAM8A1",1.84117373564306e-08,0.000316037471723131
"NEK1","NEK1",1.98929971896981e-10,3.41463296761167e-06
"SORL1","SORL1",3.48202537633882e-11,5.97689655848559e-07
"TMPRSS4","TMPRSS4",6.00390118229797e-08,0.00103056963794145
"MMP7","MMP7",4.63171966022433e-76,7.95034679677506e-72
"C11orf70","C11orf70",1.50937644379333e-07,0.00259084466577126
"RDX","RDX",6.46329224089016e-16,1.1094241131488e-11
"KIF23","KIF23",3.82902296354172e-17,6.57251791691936e-13
"CASC5","CASC5",6.57486733349122e-18,1.12857597779377e-13
"UACA","UACA",7.50885635416632e-11,1.28889519319265e-06
"TMEM62","TMEM62",2.17804621041841e-07,0.0037386163201832
"CCBL2","CCBL2",2.62159652154843e-14,4.49997042923789e-10
"ARHGAP29","ARHGAP29",6.33728553203212e-35,1.08779506157331e-30
"IFI44","IFI44",4.80915396910115e-10,8.25491278796212e-06
"KIF11","KIF11",9.17785917112834e-13,1.57537952672418e-08
"CEP55","CEP55",1.79697009463901e-08,0.000308449916744785
"KIF20B","KIF20B",5.7797334757864e-09,9.92091251118736e-05
"GPR87","GPR87",4.4800120054694e-10,7.68994060738822e-06
"DNA2","DNA2",5.72526568541182e-14,9.82741854900938e-10
"NAB1","NAB1",9.8786907090736e-08,0.00169567726021248
"SLC40A1","SLC40A1",2.16238919265647e-21,3.71174104919484e-17
"SLC35A5","SLC35A5",1.5402786605464e-09,2.6438883208279e-05
"MNS1","MNS1",2.03058478205015e-08,0.000348549877838908
"ZGRF1","ZGRF1",1.26942958907942e-12,2.17897588965482e-08
"AP1AR","AP1AR",7.87710648212056e-07,0.0135210532765599
"KIAA1109","KIAA1109",2.72884658585904e-08,0.000468406516462705
"CENPE","CENPE",1.68944387867871e-20,2.89993041775201e-16
"SLC39A8","SLC39A8",1.83222923211689e-07,0.00314502147692864
"FBN2","FBN2",2.59117375370944e-07,0.00444774974824225
"AMIGO2","AMIGO2",4.40818250460111e-10,7.56664526914781e-06
"SCAF11","SCAF11",5.65941595814645e-12,9.71438749215837e-08
"DUSP6","DUSP6",3.24327317151164e-11,5.56707839889972e-07
"POC1B","POC1B",2.00917007379397e-09,3.44874043166735e-05
"TMTC3","TMTC3",8.92165369360679e-12,1.53140185650761e-07
"NEDD1","NEDD1",2.23496548553916e-09,3.83631825592797e-05
"MTMR6","MTMR6",4.03118359560032e-10,6.91952664184796e-06
"BRCA2","BRCA2",1.11313685677167e-17,1.91069941464857e-13
"ABHD13","ABHD13",1.83879867789326e-11,3.15629793060378e-07
"FRMD6","FRMD6",5.75250412440891e-24,9.87417332954789e-20
"SLC38A6","SLC38A6",2.67710574000367e-13,4.59525200271629e-09
"NAA30","NAA30",1.619357410422e-06,0.0277962699498937
"WDR89","WDR89",1.49298825382088e-08,0.000256271433768354
"TCF12","TCF12",5.86880431627697e-09,0.000100738026088894
"BNIP2","BNIP2",3.87507833373212e-15,6.65157195985118e-11
"GTF2A2","GTF2A2",1.71023265009669e-06,0.0293561434389096
"UBE2Q2","UBE2Q2",2.95683582745547e-19,5.07540869782732e-15
"SCAPER","SCAPER",1.04963193318504e-06,0.0180169321331213
"ARRDC4","ARRDC4",1.0315338139764e-12,1.77062779169049e-08
"SH3GL3","SH3GL3",1.1121005322128e-06,0.0190892056354327
"CDH13","CDH13",2.49894229514033e-07,0.00428943444960838
"ESCO1","ESCO1",8.12922744607313e-08,0.00139538189111845
"PMAIP1","PMAIP1",2.47626616378461e-08,0.000425051087013628
"ZNF614","ZNF614",1.9411270797219e-06,0.0333194463234264
"PLK4","PLK4",6.20319497733912e-12,1.06477841786026e-07
"CYR61","CYR61",1.65254242886831e-06,0.0283658907915246
"PRKACB","PRKACB",1.69412039365337e-10,2.90795765570601e-06
"PIGK","PIGK",1.11426916107443e-06,0.0191264301498427
"NUF2","NUF2",2.18585659538211e-11,3.75202284597338e-07
"RGS5","RGS5",3.69961194544178e-25,6.35038390435082e-21
"TOR1AIP1","TOR1AIP1",4.64597959242628e-07,0.0079748239703997
"LYPLAL1","LYPLAL1",3.7163622112262e-07,0.00637913573556978
"GOLPH3L","GOLPH3L",9.50094282509187e-07,0.0163083683592702
"SYT14","SYT14",6.18226950137163e-07,0.0106118655991044
"DTL","DTL",1.60570823883614e-10,2.75619819196223e-06
"INTS7","INTS7",6.03592786162627e-09,0.000103606701744815
"TAF1A","TAF1A",5.0141022045204e-09,8.60670643405927e-05
"DEGS1","DEGS1",2.52094995579611e-07,0.00432721059912403
"MBOAT2","MBOAT2",1.19663979262536e-08,0.000205403220404143
"ETAA1","ETAA1",4.19824387008571e-16,7.20628560300213e-12
"SCRN3","SCRN3",3.37264003032022e-15,5.78913661204466e-11
"FAM171B","FAM171B",2.78998904963427e-07,0.00478901620369722
"METTL21A","METTL21A",9.29997743949575e-07,0.0159634112748945
"SPAG16","SPAG16",2.36324843491132e-07,0.00405651593852527
"RAB5A","RAB5A",5.98632806449894e-07,0.0102755321227124
"PHLDB2","PHLDB2",1.46797409806803e-13,2.51977753933378e-09
"TIFA","TIFA",2.73799002362666e-06,0.0469975987555517
"FAM105A","FAM105A",1.40865566186173e-09,2.41795744358565e-05
"PLK2","PLK2",3.28173786496415e-13,5.63310304521097e-09
"PAM","PAM",3.13418811350985e-07,0.00537983389683966
"TNFAIP8","TNFAIP8",2.76844833524703e-09,4.75204156745153e-05
"FEM1C","FEM1C",2.23954823577844e-11,3.84418454671369e-07
"TPBG","TPBG",2.78153633995096e-07,0.00477450712752582
"WTAP","WTAP",6.07676191189587e-07,0.0104307618217693
"ARMT1","ARMT1",1.42081033524426e-10,2.43882094044678e-06
"SLC22A3","SLC22A3",1.67599427745162e-09,2.87684417724571e-05
"RBAK","RBAK",1.8657816286623e-09,3.20261416559884e-05
"ZNF92","ZNF92",9.49789341645013e-13,1.63031340493366e-08
"TMEM168","TMEM168",9.56762953065401e-13,1.64228360893676e-08
"MSN","MSN",4.26705176828949e-08,0.000732439436026891
"MAL2","MAL2",8.50596545132194e-21,1.46004896971941e-16
"PLIN2","PLIN2",1.54023734830407e-10,2.64381740836394e-06
"CDKN2B","CDKN2B",3.35281404317476e-07,0.00575510530510948
"C9orf72","C9orf72",1.11612081403154e-07,0.00191582137728514
"STOM","STOM",1.06281367706314e-06,0.0182431967667887
"FAM188A","FAM188A",8.81908244699574e-09,0.000151379550202682
"INA","INA",1.14362917925945e-07,0.00196303948619884
"ZNF215","ZNF215",5.42839736678177e-07,0.00931784408008091
"MPZL2","MPZL2",5.88491784409645e-12,1.01014614793916e-07
"HMGA2","HMGA2",4.05569003842691e-12,6.9615919509598e-08
"SLC7A11","SLC7A11",1.55337941060098e-11,2.66637575829658e-07
"UEVLD","UEVLD",1.83333927499952e-06,0.0314692686553667
"TMEM263","TMEM263",2.2831683400555e-06,0.0391905845570527
"TWF1","TWF1",2.12522807917561e-17,3.64795399790493e-13
"TEX30","TEX30",2.40620975620017e-08,0.000413025904651759
"CSNK1G3","CSNK1G3",1.8313803114346e-08,0.000314356430457749
"MIPOL1","MIPOL1",2.73177984859003e-06,0.0468910011010479
"FER","FER",8.62393661433784e-12,1.48029871985109e-07
"ANKRD50","ANKRD50",4.55383366803278e-07,0.00781665549117828
"AKR1C2","AKR1C2",9.9827873163262e-24,1.71354544284739e-19
"PIGF","PIGF",1.0201546492331e-07,0.00175109545540862
"TMEM45B","TMEM45B",1.19885798948899e-15,2.05783973895785e-11
"CENPU","CENPU",2.96453562016026e-07,0.00508862539200508
"ACSL1","ACSL1",5.74521936891782e-11,9.86166904674744e-07
"GUF1","GUF1",1.89783647368971e-07,0.00325763630708838
"SACS","SACS",1.61009498081798e-07,0.00276372803457406
"RNF219","RNF219",3.52015582123534e-07,0.00604234746715046
"SPC25","SPC25",1.27685382982713e-06,0.0219171959889827
"SPOCK1","SPOCK1",2.32737243612085e-08,0.000399493478660144
"TADA1","TADA1",8.65744170588639e-12,1.4860498688154e-07
"JMY","JMY",2.20459013875421e-07,0.0037841789731716
"XRCC4","XRCC4",3.51077219426855e-08,0.000602624047146196
"SUV39H2","SUV39H2",4.38628424180325e-13,7.52905690105527e-09
"CCDC50","CCDC50",1.04574547051432e-06,0.0179502210013782
"GJA1","GJA1",2.99546163917484e-15,5.14170990364361e-11
"GPR180","GPR180",8.60147245434076e-13,1.47644274678759e-08
"IFIT5","IFIT5",2.2147877325403e-10,3.80168314290543e-06
"GGPS1","GGPS1",1.2926207495353e-06,0.0221878351657735
"PLOD2","PLOD2",1.86855920219438e-43,3.20738187056665e-39
"CETN3","CETN3",2.63792634957586e-08,0.000452800057904697
"ADGRF1","ADGRF1",2.57950397187794e-10,4.42771856772848e-06
"TRAPPC8","TRAPPC8",3.49404291208979e-10,5.99752465860212e-06
"ZUFSP","ZUFSP",7.87537226583049e-14,1.3518076494298e-09
"TBCEL","TBCEL",4.18949445190466e-07,0.00719126722669435
"FAM69A","FAM69A",1.65986765927537e-13,2.84916283714617e-09
"CXADR","CXADR",6.73325001070087e-10,1.1557623643368e-05
"C21orf91","C21orf91",3.21787358246169e-11,5.5234800042955e-07
"HSPA13","HSPA13",7.02859539963691e-15,1.20645840034768e-10
"USP25","USP25",6.33853006652227e-09,0.000108800868591855
"GRAMD3","GRAMD3",2.00585535996777e-11,3.44305072538468e-07
"SLC16A1","SLC16A1",9.99956352136877e-08,0.00171642507844295
"MIER3","MIER3",3.33429738103383e-08,0.000572332145454457
"PIK3AP1","PIK3AP1",1.74225907556162e-08,0.000299058770320152
"RBM45","RBM45",1.55875986854603e-06,0.0267561131435925
"SLC26A2","SLC26A2",2.33404202476911e-11,4.00638313551617e-07
"KCNMA1","KCNMA1",3.75501141321366e-07,0.00644547709078124
"DRAM2","DRAM2",2.6942122897594e-06,0.0462461539537201
"BUB1B","BUB1B",5.91816801183469e-08,0.00101585353923142
"STEAP2","STEAP2",2.95737893993294e-14,5.07634095039489e-10
"CLDN12","CLDN12",4.78865429653878e-14,8.21972510000882e-10
"CCNB2","CCNB2",3.54293155698208e-13,6.08144201755974e-09
"TAB3","TAB3",1.68679995016291e-06,0.0289539211445464
"FAIM","FAIM",5.66268314130043e-10,9.71999561204219e-06
"CUL4B","CUL4B",6.44928174333034e-07,0.0110701921124265
"TFF1","TFF1",5.13398371124608e-11,8.8124830403539e-07
"ZYG11B","ZYG11B",2.47813144176751e-07,0.00425371261979393
"AK4","AK4",1.21415639017668e-14,2.08409944373828e-10
"NEXN","NEXN",6.25753004051665e-10,1.07410503145468e-05
"DNAJB4","DNAJB4",2.84411666609535e-13,4.88192625735266e-09
"SNX7","SNX7",1.30774897126503e-06,0.0224475110917642
"FLVCR1","FLVCR1",1.6291825714474e-11,2.79649188388946e-07
"NUP35","NUP35",6.14369232549249e-10,1.05456478767079e-05
"CCDC138","CCDC138",2.38562230654375e-06,0.0409492068918234
"SMARCAD1","SMARCAD1",6.40116560582974e-08,0.00109876007624067
"CDC42EP3","CDC42EP3",3.19769003365069e-11,5.48883494276141e-07
"FSTL1","FSTL1",1.54394693128047e-22,2.65018490754293e-18
"KIAA1524","KIAA1524",2.56089999879667e-11,4.39578484793448e-07
"SGOL2","SGOL2",8.8402688232439e-11,1.51743214350981e-06
"IFI16","IFI16",4.05747538422634e-11,6.96465649702452e-07
"PTX3","PTX3",4.80939456039844e-08,0.000825532576292392
"RCHY1","RCHY1",2.2305495572179e-22,3.82873831496452e-18
"SNRK","SNRK",1.25731084731473e-10,2.15817406941573e-06
"S100P","S100P",1.14585414078506e-07,0.00196685863265756
"HSPA4L","HSPA4L",1.1335425353539e-08,0.000194572576193497
"MFSD8","MFSD8",6.96306451318694e-07,0.0119521002368854
"PRSS12","PRSS12",1.42523279392616e-06,0.0244641209077426
"MAD2L1","MAD2L1",7.11607843958072e-15,1.22147486415403e-10
"HPGD","HPGD",5.81481141706526e-16,9.98112379739252e-12
"FAM198B","FAM198B",1.74077895208069e-07,0.0029880470712465
"TMEM184C","TMEM184C",8.74137355673301e-11,1.50045677101322e-06
"EDIL3","EDIL3",2.86375397542189e-16,4.91563369881167e-12
"LMBRD2","LMBRD2",1.42597445580364e-07,0.00244768515338694
"SLC25A46","SLC25A46",7.80112437410788e-13,1.33906299881562e-08
"STARD4","STARD4",2.90666787208369e-14,4.98929540243166e-10
"WDR41","WDR41",7.34880503340837e-07,0.0126142238398455
"SPINK1","SPINK1",3.49477463186073e-08,0.000599878065558894
"GPX8","GPX8",6.40035129973738e-18,1.09862030059992e-13
"UBLCP1","UBLCP1",9.96890095861317e-07,0.0171116184954595
"UTP15","UTP15",1.52853999085958e-15,2.62373889431048e-11
"STK17A","STK17A",2.65532879138488e-09,4.55787187041214e-05
"ZNF12","ZNF12",2.67918882142092e-14,4.59882761196901e-10
"STEAP1","STEAP1",4.30187311101133e-12,7.38416519505095e-08
"ORC5","ORC5",8.29178927069904e-07,0.0142328562831549
"FZD6","FZD6",2.33649923450827e-09,4.01060093603345e-05
"PIGA","PIGA",1.64843312937392e-09,2.82953546657033e-05
"ZNF367","ZNF367",9.48658280026028e-17,1.62837193766468e-12
"BRWD3","BRWD3",9.0079275428749e-07,0.0154621076273448
"ARHGAP12","ARHGAP12",1.20641927588156e-06,0.020708186870507
"HECTD2","HECTD2",3.76164281557471e-07,0.00645685989293399
"CFL2","CFL2",1.56742129002948e-38,2.6904786443356e-34
"GTF2A1","GTF2A1",1.13586400136385e-06,0.0194971055834105
"GJB2","GJB2",4.66862469863831e-09,8.01369429521266e-05
"DDIAS","DDIAS",5.94456846365221e-13,1.0203851767859e-08
"TTC8","TTC8",5.6664209196971e-08,0.000972641150866008
"TC2N","TC2N",5.02006074043689e-16,8.61693426095993e-12
"MOAP1","MOAP1",2.4646182621071e-07,0.00423051724690683
"PTER","PTER",1.27475232003598e-11,2.18811235734176e-07
"HACD1","HACD1",1.4575603188404e-07,0.00250190228728954
"ARL5B","ARL5B",2.24540405280349e-08,0.000385423605663718
"RAB8B","RAB8B",9.29632939476306e-17,1.59571494061108e-12
"GABRB3","GABRB3",1.62089972724601e-11,2.78227438181778e-07
"STXBP4","STXBP4",1.86568600225082e-06,0.0320245002286354
"WDR72","WDR72",3.59145892028611e-14,6.1647392366711e-10
"TMX3","TMX3",1.51481298924525e-08,0.000260017649603946
"WEE1","WEE1",1.34465634758602e-07,0.00230810262063141
"RP11.382A20.3","RP11.382A20.3",2.74449964093709e-11,4.71093363366851e-07
"TMEM135","TMEM135",1.65089656184545e-10,2.83376394840772e-06
"ATF7IP2","ATF7IP2",2.05088789630356e-12,3.52034907400507e-08
"NGFRAP1","NGFRAP1",5.1897009547404e-16,8.9081216888119e-12
"ZNF667.AS1","ZNF667.AS1",1.89172699138449e-08,0.000324714938071148
"PBX3","PBX3",4.49813696702112e-07,0.00772105210389175
"UGT1A6","UGT1A6",1.03643718175936e-19,1.77904442248994e-15
"HDHD2","HDHD2",3.32537230832774e-08,0.000570800156724457
"ZNF91","ZNF91",2.48581877328167e-09,4.26690792433798e-05
"ZNF180","ZNF180",4.71074662168676e-13,8.08599657612533e-09
"AXL","AXL",1.80277085970011e-11,3.09445618067524e-07
"KLK5","KLK5",5.92036332759661e-07,0.0101623036518196
"ZNF83","ZNF83",4.12858641857268e-13,7.08671858748001e-09
"MIS12","MIS12",1.30065114017398e-09,2.23256768210863e-05
"PBK","PBK",5.43885729185966e-13,9.3357985414771e-09
"KIAA1586","KIAA1586",1.21914734391263e-06,0.0209266641582604
"BMI1","BMI1",1.10685591458339e-09,1.89991817738238e-05
"MTCL1","MTCL1",5.68294911614832e-07,0.00975478215786859
"TRAPPC11","TRAPPC11",2.3476765951245e-07,0.00402978687553121
"FEM1B","FEM1B",2.66508431383701e-13,4.57461722470122e-09
"ZNF354A","ZNF354A",3.00402818655748e-13,5.15641438222592e-09
"B3GALNT1","B3GALNT1",3.89630181484551e-14,6.68800206518233e-10
"RASSF6","RASSF6",2.61723350049034e-13,4.49248130359167e-09
"SDC2","SDC2",1.8914473799583e-10,3.24666942769843e-06
"CLIC4","CLIC4",3.34107092764635e-10,5.73494824730497e-06
"BNC1","BNC1",2.57134636105178e-06,0.0441371602874537
"ANTXR1","ANTXR1",1.79467977014179e-12,3.08056782544839e-08
"APLF","APLF",2.32140065913877e-06,0.039846842314117
"BUB1","BUB1",1.36349357445844e-11,2.34043672055791e-07
"CSGALNACT2","CSGALNACT2",1.71900775692527e-07,0.00295067681476223
"NANP","NANP",3.65543122432052e-09,6.27454769654618e-05
"ADPRM","ADPRM",2.13364174479065e-07,0.00366239605493316
"CDK1","CDK1",6.68272813738139e-31,1.14709028478152e-26
"SLC30A1","SLC30A1",4.59902663302749e-13,7.89422921559169e-09
"CDH2","CDH2",3.21829329969387e-16,5.52420044892453e-12
"EMB","EMB",6.7067641660992e-10,1.15121606911093e-05
"SDR16C5","SDR16C5",5.21416315046847e-11,8.95011104777913e-07
"KBTBD2","KBTBD2",1.35913072431038e-09,2.33294788827876e-05
"RNF139","RNF139",5.49819414605354e-14,9.43765025170089e-10
"GSTA4","GSTA4",3.81364398027052e-18,6.54611989213435e-14
"MSANTD4","MSANTD4",9.25022537637351e-07,0.0158780118585451
"MFN1","MFN1",1.72369850349726e-06,0.0295872848125305
"SOCS5","SOCS5",3.01372597031261e-08,0.00051730606280416
"C1GALT1C1","C1GALT1C1",7.3698034702644e-07,0.0126502676567089
"SHCBP1","SHCBP1",6.10957335079535e-08,0.00104870826566402
"ZNF440","ZNF440",4.67797016497592e-07,0.00802973578818116
"ESCO2","ESCO2",3.84814778998068e-10,6.60534568150183e-06
"LGALS4","LGALS4",8.45235700183102e-19,1.45084707936429e-14
"GATM","GATM",3.96787729668834e-07,0.00681086137976553
"METTL18","METTL18",2.52443450061208e-15,4.33319182030064e-11
"RRM2","RRM2",2.89297090812384e-11,4.96578456379457e-07
"EIF2AK3","EIF2AK3",1.06690848610265e-06,0.018313484163952
"KRCC1","KRCC1",1.46904270868756e-06,0.025216118094622
"SNTB1","SNTB1",2.17306055665705e-16,3.73005844550183e-12
"TEFM","TEFM",2.48439523240812e-06,0.0426446441642855
"C5orf34","C5orf34",7.11464716666729e-17,1.22122918615844e-12
"FUT9","FUT9",2.38930246144748e-10,4.10123767507461e-06
"MANEA","MANEA",5.49455399787673e-07,0.00943140193735541
"SMPDL3A","SMPDL3A",3.79865444133442e-19,6.52039034855054e-15
"ZNF680","ZNF680",2.05204171703175e-10,3.522329607285e-06
"GLRX","GLRX",4.20911339260322e-08,0.000722494313840343
"AGR3","AGR3",1.80575816316315e-37,3.09958388706955e-33
"MOB1B","MOB1B",2.36848580621348e-11,4.06550588636543e-07
"SULT1B1","SULT1B1",6.6361489782657e-09,0.000113909497211931
"MUC13","MUC13",1.12509248856252e-10,1.93122125661757e-06
"HEG1","HEG1",2.42108232415397e-09,4.15578780941029e-05
"ZNF791","ZNF791",8.75688579742177e-09,0.000150311944712745
"GPR160","GPR160",1.27253139969637e-17,2.18430014757881e-13
"EXO1","EXO1",1.13952055827388e-12,1.95598703827712e-08
"LIG4","LIG4",4.41778599499374e-09,7.58312966040676e-05
"UGT8","UGT8",4.29961196957382e-29,7.38028394577346e-25
"KIAA1551","KIAA1551",2.09836984306997e-10,3.60185183562961e-06
"PDE12","PDE12",1.13794617788541e-06,0.019532846143403
"GLMN","GLMN",1.72556373499182e-08,0.000296193015111346
"VCPIP1","VCPIP1",3.88971544694947e-07,0.00667669656468877
"PDIK1L","PDIK1L",2.38672786523672e-11,4.09681838067882e-07
"SMAD2","SMAD2",1.05622443653896e-08,0.000181300924531912
"KCNE3","KCNE3",1.00081006506137e-12,1.71789047667783e-08
"LYSMD3","LYSMD3",1.2635505631966e-08,0.000216888454172696
"GPX2","GPX2",1.31987110120217e-34,2.26555874521352e-30
"BNIP3","BNIP3",2.64775125447402e-23,4.54486502830466e-19
"B3GNT5","B3GNT5",2.4561132816546e-07,0.00421591844796012
"PNMA1","PNMA1",6.78781817941765e-10,1.16512899049704e-05
"MTX3","MTX3",7.3911969958237e-07,0.0126869896433314
"SLC38A9","SLC38A9",4.27339968657538e-11,7.33529056200664e-07
"ANO6","ANO6",5.4417655460646e-10,9.34079055981988e-06
"THAP5","THAP5",1.15515790078469e-07,0.00198282853669692
"ZNF518A","ZNF518A",8.4615421889147e-07,0.0145242371672721
"ZBTB41","ZBTB41",1.95463798813141e-08,0.000335513610662757
"GEN1","GEN1",8.77988895328655e-14,1.50706793883164e-09
"KLHL11","KLHL11",1.15387686142729e-08,0.000198062963263995
"CA8","CA8",8.78023859616938e-07,0.0150712795503247
"KCTD12","KCTD12",4.09561703233609e-07,0.0070301266360049
"RMI1","RMI1",6.80504530421954e-07,0.0116808602646928
"ELMOD2","ELMOD2",8.67739063523737e-17,1.4894741025385e-12
"BBS10","BBS10",8.09500170612918e-10,1.38950704285707e-05
"ZNF816","ZNF816",7.97100812753339e-07,0.0136822354509111
"HIST1H2AC","HIST1H2AC",1.74959909358295e-16,3.00318684413514e-12
"YOD1","YOD1",8.53638169691157e-12,1.46526991827487e-07
"TMEM64","TMEM64",2.71497423469866e-12,4.66025327386026e-08
"CLRN3","CLRN3",1.24368368577111e-06,0.021347830466261
"SLC36A4","SLC36A4",2.78651624589797e-12,4.78305513608386e-08
"ZNF443","ZNF443",4.1224969977339e-09,7.07626609661024e-05
"CMTR2","CMTR2",1.01513095112364e-12,1.74247227760373e-08
"TCEAL8","TCEAL8",9.53339754949836e-09,0.000163640768937139
"GPR137C","GPR137C",6.9729555885562e-07,0.0119690782677567
"ZFP82","ZFP82",2.78121978276034e-08,0.000477396375710813
"DDX60L","DDX60L",4.74242990248225e-11,8.14038092761078e-07
"FANCB","FANCB",1.63756326361901e-09,2.81087734200203e-05
"C5orf30","C5orf30",1.67677509036653e-08,0.000287818444261415
"AP1S2","AP1S2",8.99311027244905e-10,1.54366737826588e-05
"TRAPPC6B","TRAPPC6B",1.04056792567554e-09,1.78613484442207e-05
"CEP97","CEP97",7.61145133057853e-08,0.0013065056208938
"NDN","NDN",2.02189800109911e-16,3.47058791888661e-12
"C16orf72","C16orf72",1.61564324729686e-08,0.000277325163398506
"CADM1","CADM1",2.9885537840455e-10,5.1298525703141e-06
"CEP57L1","CEP57L1",1.29986366920474e-09,2.23121598818993e-05
"ZNF730","ZNF730",1.24291245909629e-06,0.0213345923603878
"ALDH1A3","ALDH1A3",6.44576272538282e-17,1.10641517181196e-12
"KNTC1","KNTC1",3.22688478305535e-08,0.000553894773011451
"ZFP1","ZFP1",3.5323324971872e-09,6.06324873142183e-05
"ZNF93","ZNF93",1.00745929622401e-13,1.72930388196851e-09
"CDCA2","CDCA2",1.84402920892495e-08,0.000316527613711968
"CA13","CA13",8.04432376232461e-09,0.000138080817380302
"WBP5","WBP5",7.74387749678976e-10,1.32923657232396e-05
"ARL15","ARL15",1.46234331724184e-21,2.51011230404561e-17
"KRT6B","KRT6B",9.10509429726818e-11,1.56288943612608e-06
"PARPBP","PARPBP",7.25086205827184e-19,1.24461047230236e-14
"MYBL1","MYBL1",5.52123209889926e-18,9.47719489776058e-14
"DNAH14","DNAH14",2.08944934680605e-10,3.58653980379259e-06
"THNSL1","THNSL1",2.99571768469116e-07,0.00514214940577238
"ZNF267","ZNF267",4.50748408352595e-10,7.73709642937229e-06
"ZNF566","ZNF566",1.726724756067e-06,0.0296392304378901
"MKL2","MKL2",8.36031747850072e-08,0.00143504849518465
"CYP4F3","CYP4F3",5.83042129176724e-09,0.000100079181473185
"TMEM17","TMEM17",3.54139674959164e-09,6.07880752067406e-05
"ZDHHC17","ZDHHC17",1.53577049751933e-06,0.0263615005899193
"AKR1C1","AKR1C1",3.17370916058482e-27,5.44767177414384e-23
"SESTD1","SESTD1",1.86400699784466e-09,3.19956801180035e-05
"DYNC2H1","DYNC2H1",9.693057406139e-07,0.0166381330376376
"TAF9B","TAF9B",6.53878040139839e-12,1.12238165590003e-07
"COL4A1","COL4A1",1.41479688187661e-08,0.00024284988477412
"FANCM","FANCM",1.13958219005258e-09,1.95609282922525e-05
"MORN2","MORN2",5.67573357837433e-10,9.74239668727954e-06
"UBQLN2","UBQLN2",8.50271209277084e-07,0.0145949053072411
"PLA2G2A","PLA2G2A",4.42234400548062e-12,7.59095348540749e-08
"ZNF669","ZNF669",8.8906512473433e-07,0.0152608028660648
"ZNF559","ZNF559",1.48699004061095e-11,2.5524184047087e-07
"DPYD","DPYD",3.62584009421948e-07,0.00622375452172774
"SMIM15","SMIM15",2.30669147072707e-09,3.95943590950302e-05
"ZNF567","ZNF567",9.85584714634197e-15,1.6917561626696e-10
"RNFT1","RNFT1",3.50487271396129e-08,0.000601611401351455
"FAM111B","FAM111B",1.81662067521854e-16,3.11822938901263e-12
"ZNF573","ZNF573",7.20614458934353e-07,0.0123693471876082
"FAM47E","FAM47E",4.74030446940139e-08,0.000813673262172749
"ZNF33A","ZNF33A",3.08431396773713e-07,0.00529422492562078
"ZNF600","ZNF600",1.87865866334222e-07,0.00322471759562692
"SYCP2","SYCP2",4.16754965117038e-07,0.00715359897623395
"IL1RAP","IL1RAP",2.22310380281404e-06,0.038159576775303
"ZNF681","ZNF681",1.74270774340557e-09,2.99135784155566e-05
"CTSE","CTSE",3.00259120083037e-20,5.15394779622532e-16
"ZNF140","ZNF140",2.55536885318621e-07,0.00438629063649413
"ZNF124","ZNF124",1.56513731168097e-08,0.000268655819550039
"ZNF799","ZNF799",9.22871430276097e-08,0.00158410881006892
"SPTSSB","SPTSSB",4.24319798470823e-10,7.28344934075167e-06
"MMP1","MMP1",3.52807124953946e-12,6.05593429983448e-08
"ZNF136","ZNF136",1.80340652875105e-07,0.00309554730660118
"ZNF33B","ZNF33B",7.08466899702744e-15,1.21608343333976e-10
"SLC39A10","SLC39A10",2.77004129074607e-06,0.0475477587556563
"ZNF138","ZNF138",8.56781579224622e-09,0.000147066558073906
"ZNF441","ZNF441",7.80150694309844e-11,1.33912866678285e-06
"ZNF420","ZNF420",2.268869456351e-06,0.0389451442182649
"ZMYM1","ZMYM1",6.54084602123929e-10,1.12273621954572e-05
"PGAP1","PGAP1",5.39666245678165e-09,9.26337110706571e-05
"ACSL5","ACSL5",8.26803707315135e-18,1.41920856360643e-13
"LRRC8B","LRRC8B",1.35554415618156e-09,2.32679154408565e-05
"MAGEA6","MAGEA6",2.0000036876629e-09,3.43300632987336e-05
"ZNF655","ZNF655",2.24818522699424e-06,0.0385900994213562
"ZNF675","ZNF675",7.32062404008889e-13,1.25658511648126e-08
"MYO5A","MYO5A",7.51972084122522e-12,1.29076008239631e-07
"TTC30A","TTC30A",2.15694572048671e-06,0.0370239732921544
"PIGN","PIGN",4.63471464658088e-09,7.95548769085608e-05
"C5orf42","C5orf42",1.7945082006178e-06,0.0308027332636046
"ZNF44","ZNF44",8.82757174892295e-12,1.51525269070262e-07
"NKIRAS1","NKIRAS1",2.27088137336826e-07,0.00389796787738661
"ZNF823","ZNF823",1.08136055535107e-13,1.85615539326012e-09
"ZNF273","ZNF273",6.35501922551053e-07,0.0109083905005888
"ZNF84","ZNF84",6.24156508229968e-13,1.07136464637674e-08
"PRIM1","PRIM1",3.75720474418509e-07,0.00644924194339371
"AKR1B10","AKR1B10",2.17901353075692e-42,3.74027672554425e-38
"NUP62CL","NUP62CL",1.62521328502126e-08,0.000278967860373899
"ZNF334","ZNF334",9.19197329187967e-09,0.000157780221555115
"HSD17B11","HSD17B11",1.96163106445755e-06,0.0336713972214139
"ZNF442","ZNF442",1.21598314785137e-07,0.00208723507328688
"ZNF26","ZNF26",1.11330367295631e-06,0.019109857546295
"SH3BGRL2","SH3BGRL2",3.31434079968591e-11,5.68906598266087e-07
"ZNF43","ZNF43",6.51654862715327e-10,1.11856557185086e-05
"WDHD1","WDHD1",4.33921980742493e-09,7.4482707994449e-05
"PAPSS2","PAPSS2",5.20515506078224e-11,8.93464866183272e-07
"SLC9A6","SLC9A6",1.8651108365281e-07,0.00320146275090049
"EIF1AY","EIF1AY",1.2050516563995e-32,2.06847116820975e-28
"ECI2","ECI2",8.87187210702992e-08,0.00152285684717169
"F5","F5",1.92253346344129e-28,3.30002868999698e-24
"SLC5A3","SLC5A3",1.07556091132155e-07,0.00184620030428344
"CCDC152","CCDC152",5.50523034801044e-07,0.00944972789235992
"PRMT6","PRMT6",2.01178954090705e-07,0.00345323674696696
"CAPZA2","CAPZA2",6.58414223456308e-09,0.000113016801456275
"DZIP3","DZIP3",1.73778859626962e-08,0.000298291412549679
"DCLRE1A","DCLRE1A",6.75907192782198e-09,0.000116019469641064
"PJA2","PJA2",9.91656782545057e-10,1.70217886723859e-05
"RP11.332M2.1","RP11.332M2.1",4.74598504368522e-11,8.14648332748568e-07
"CHML","CHML",2.2817757530755e-07,0.00391666808015409
"EFCAB7","EFCAB7",1.26880493455622e-07,0.00217790367016576
"ZNF468","ZNF468",7.17757979820494e-07,0.0123203157236188
"ZNF616","ZNF616",5.59906868443804e-07,0.0096108013968379
"RANBP17","RANBP17",1.85362394898255e-06,0.0318174550842854
"TRIQK","TRIQK",1.95734561838876e-07,0.00335978375396431
"C4orf46","C4orf46",3.92863340321315e-13,6.74349923661537e-09
"SAMD9","SAMD9",1.93303808674372e-14,3.31805987589559e-10
"CNEP1R1","CNEP1R1",3.49149534527707e-14,5.99315176016808e-10
"SERPINB5","SERPINB5",1.39251022481406e-09,2.39024380089333e-05
"VGLL3","VGLL3",3.23486053476614e-08,0.000555263810792608
"ZNF254","ZNF254",2.11138726813379e-08,0.000362419624575166
"CHUK","CHUK",2.33287887500784e-09,4.00438658895097e-05
"MAGEA12","MAGEA12",4.94494613654525e-14,8.48800004337993e-10
"ZNF845","ZNF845",4.62556007277789e-19,7.93977386492325e-15
"HAUS3","HAUS3",4.42496348259533e-09,7.59544981787488e-05
"FASTKD5","FASTKD5",2.02648064942148e-11,3.47845403473197e-07
"UMAD1","UMAD1",1.68991739344158e-08,0.000290074320584247
"MAGEA3","MAGEA3",1.81697014284483e-11,3.11882925019315e-07
"ZNF880","ZNF880",1.00905029051182e-09,1.73203482366355e-05
"XKR9","XKR9",1.71824514973743e-08,0.00029493677995243
"AC114812.8","AC114812.8",2.5058781074707e-13,4.30133977147346e-09
"AC020571.3","AC020571.3",2.23388188090371e-08,0.000383445824857122
"MIR181A1HG","MIR181A1HG",5.86855531888632e-14,1.00733752048684e-09
"LINC.PINT","LINC.PINT",4.54456231983499e-07,0.00780074122199676
"PHGR1","PHGR1",1.28726789576299e-13,2.20959534307718e-09
"TTTY15","TTTY15",9.47173777697012e-07,0.0162582378941692
"RP11.30P6.6","RP11.30P6.6",8.84198421888575e-07,0.0151772659117174
"MAGI2.AS3","MAGI2.AS3",1.14364541381287e-07,0.00196306735280978
"ZNF542P","ZNF542P",1.92110613616473e-10,3.29757868272676e-06
"PPIL3","PPIL3",2.934652159031e-08,0.000503733043097671
"LINC00973","LINC00973",3.69241441373833e-08,0.000633802934118184
"ZNF512","ZNF512",6.14758309878346e-07,0.0105523263890618
"CASC9","CASC9",4.18596839476025e-07,0.00718521474960596
"RP11.4K16.2","RP11.4K16.2",2.63571982838387e-10,4.52421308542091e-06
"ZNF260","ZNF260",1.3219424982322e-18,2.26911429821557e-14
"FPGT","FPGT",7.73423353993163e-11,1.32758118712926e-06
"RP11.702H23.6","RP11.702H23.6",1.44447721623783e-07,0.00247944514167224
"ZNF271P","ZNF271P",4.91477722323334e-07,0.00843621510368002
"RP11.1143G9.4","RP11.1143G9.4",4.36146345867235e-07,0.00748645202681109
"RP11.66B24.4","RP11.66B24.4",7.58988531372383e-14,1.3028038141007e-09
"RP11.156E6.1","RP11.156E6.1",1.17270037167345e-15,2.01294018797747e-11
"CTD.2033A16.1","CTD.2033A16.1",6.92543620488776e-08,0.00118875112456898
"RP11.311F12.2","RP11.311F12.2",4.82742019925134e-07,0.00828626677201493
"RP11.49K24.8","RP11.49K24.8",1.42232107771803e-06,0.02441414129903
"AC006262.5","AC006262.5",6.63764324389972e-13,1.13935146281539e-08
"MIR222HG","MIR222HG",5.11407982599363e-07,0.00877831802131806
"RP4.568C11.4","RP4.568C11.4",4.01083494708666e-08,0.000688459818667425
"PIGW","PIGW",8.23557686098424e-15,1.41363676818794e-10
"ZNF670","ZNF670",2.66087363293661e-16,4.56738959093568e-12
"EBLN3","EBLN3",1.05537058383651e-06,0.0181154360715537
